dependency	satisfiedFraction	posteriorMean	posteriorSD	posteriorOpposite
acl	0.849431818181818	1.8707642754333	0.248039105653651	0
advcl	0.841359773371105	1.89294794951389	0.311083424836942	0
