Language	Model	Type	UAS	Pars	LAS	ParsU
Telugu	9570608	manual_output_funchead_RANDOM_pureUD2	0.832369942197	0.8462414061632689	0.766859344894	0.4353302567910137
Hungarian	4662091	manual_output_funchead_RANDOM_pureUD5	0.706124085396	1.3312511237623268	0.649994988473	0.987058057184746
Afrikaans	4523296	manual_output_funchead_RANDOM_pureUD5	0.821755407654	0.8065839574955862	0.800540765391	0.6683693353130099
